id,chemin_fichier,date_ajout,bien_id
1,photos/proprietes/P1_0XFtAjh.jpg,2026-06-24 17:06:33.248624,1
2,photos/proprietes/P2_3dd6p0e.jpg,2026-06-24 17:06:33.270320,2
3,photos/proprietes/P3_HcaBiWz.jpg,2026-06-24 17:06:33.294332,3
4,photos/proprietes/P4_su6dC0m.jpg,2026-06-24 17:06:33.316870,4
5,photos/proprietes/P5_0JhMneD.jpg,2026-06-24 17:06:33.344370,5
6,photos/proprietes/P6_7HRULP3.jpg,2026-06-24 17:06:33.374108,6
7,photos/proprietes/P7_CnzrHnJ.jpg,2026-06-24 17:06:33.407826,7
8,photos/proprietes/P8_dwCwFo3.jpg,2026-06-24 17:06:33.441498,8
9,photos/proprietes/P9_6NzcwmJ.jpg,2026-06-24 17:06:33.475281,9
10,photos/proprietes/P10_t1ioV14.jpg,2026-06-24 17:06:33.509755,10
11,photos/proprietes/P11_i5PCoot.jpg,2026-06-24 17:06:33.540948,11
12,photos/proprietes/P12_soPZRTS.jpg,2026-06-24 17:06:33.573328,12
13,photos/proprietes/P13_9mmm4p5.jpg,2026-06-24 17:06:33.609375,13
14,photos/proprietes/P14_U3i8m2F.jpg,2026-06-24 17:06:33.641148,14
15,photos/proprietes/P15_ldN7omH.jpg,2026-06-24 17:06:33.678949,15
16,photos/proprietes/P16_ZLNtKGD.jpg,2026-06-24 17:06:33.714803,16
17,photos/proprietes/P17_Jai2uVJ.jpg,2026-06-24 17:06:33.747120,17
18,photos/proprietes/P18_zor4SO8.jpg,2026-06-24 17:06:33.778357,18
19,photos/proprietes/P19_PCAytYb.jpg,2026-06-24 17:06:33.808457,19
20,photos/proprietes/P20_wTcDlB5.jpg,2026-06-24 17:06:33.840446,20
21,photos/proprietes/V1_mp3bGg1.jpg,2026-06-24 17:06:33.874953,21
22,photos/proprietes/V2_meldfdt.jpg,2026-06-24 17:06:33.908676,22
23,photos/proprietes/V3_Zt1ZcRs.jpg,2026-06-24 17:06:33.943212,23
24,photos/proprietes/V4_pOTuRbt.jpg,2026-06-24 17:06:33.976599,24
25,photos/proprietes/V5_GuJrC7t.jpg,2026-06-24 17:06:34.010246,25
26,photos/proprietes/V6_ZPzKEFq.jpg,2026-06-24 17:06:34.043632,26
27,photos/proprietes/V7_r5BjeaB.jpg,2026-06-24 17:06:34.079333,27
28,photos/proprietes/V8_eNAy55k.jpg,2026-06-24 17:06:34.112680,28
29,photos/proprietes/V9_nCMZj2a.jpg,2026-06-24 17:06:34.143720,29
30,photos/proprietes/V10_03kRZcJ.jpg,2026-06-24 17:06:34.176265,30
31,photos/proprietes/V11_cAhjZDG.jpg,2026-06-24 17:06:34.235373,31
32,photos/proprietes/V12_18uZVC5.jpg,2026-06-24 17:06:34.266341,32
33,photos/proprietes/V13_kEQBXoU.jpg,2026-06-24 17:06:34.298329,33
34,photos/proprietes/V14_vsUWNRH.jpg,2026-06-24 17:06:34.336254,34
35,photos/proprietes/V15_TMNYf2F.jpg,2026-06-24 17:06:34.368690,35
36,photos/proprietes/V16_wlAYJlQ.jpg,2026-06-24 17:06:34.403628,36
37,photos/proprietes/V17_pkH1s0y.jpg,2026-06-24 17:06:34.440487,37
38,photos/proprietes/V18_sUuZdgR.jpg,2026-06-24 17:06:34.481697,38
39,photos/proprietes/V19_NuVbMGE.jpg,2026-06-24 17:06:34.521705,39
40,photos/proprietes/V20_ajil4ik.jpg,2026-06-24 17:06:34.563425,40
41,photos/proprietes/I1_rJKGqIT.jpg,2026-06-24 17:06:34.599873,41
42,photos/proprietes/I2_9iXBhRg.jpg,2026-06-24 17:06:34.635043,42
43,photos/proprietes/I3_ocbjyXh.jpg,2026-06-24 17:06:34.671670,43
44,photos/proprietes/I4_Lf2IbH6.jpg,2026-06-24 17:06:34.709874,44
45,photos/proprietes/I5_1Mf1rpA.jpg,2026-06-24 17:06:34.745945,45
46,photos/proprietes/I6_LeKgb1n.jpg,2026-06-24 17:06:34.779686,46
47,photos/proprietes/I7_T4tZ2Wl.jpg,2026-06-24 17:06:34.812138,47
48,photos/proprietes/I8_U8Fu7Rn.jpg,2026-06-24 17:06:34.847485,48
49,photos/proprietes/I9.jfif,2026-06-24 17:06:34.886147,49
50,photos/proprietes/I10.jfif,2026-06-24 17:06:34.929462,50
51,photos/proprietes/I11.jfif,2026-06-24 17:06:34.976811,51
52,photos/proprietes/I12_pPIhaNn.jpg,2026-06-24 17:06:35.013205,52
53,photos/proprietes/I13_rX3dmua.jpg,2026-06-24 17:06:35.053214,53
54,photos/proprietes/I14_uIKfqNY.jpg,2026-06-24 17:06:35.092094,54
55,photos/proprietes/I15_z6GGIQC.jpg,2026-06-24 17:06:35.131393,55
56,photos/proprietes/I16_ZX5jm6H.jpg,2026-06-24 17:06:35.179052,56
57,photos/proprietes/I17_l3Z5SPu.jpg,2026-06-24 17:06:35.221927,57
58,photos/proprietes/I18_vvdoUAt.jpg,2026-06-24 17:06:35.262285,58
59,photos/proprietes/I19_6p2FspU.jpg,2026-06-24 17:06:35.302482,59
60,photos/proprietes/I20_UjokasI.jpg,2026-06-24 17:06:35.342952,60
61,photos/proprietes/T1_ROsjFSg.jpg,2026-06-24 17:06:35.382424,61
62,photos/proprietes/T2_qiDhSAN.jpg,2026-06-24 17:06:35.423434,62
63,photos/proprietes/T3.jfif,2026-06-24 17:06:35.465331,63
64,photos/proprietes/T4.jfif,2026-06-24 17:06:35.509842,64
65,photos/proprietes/T5.jfif,2026-06-24 17:06:35.548655,65
66,photos/proprietes/T6.jfif,2026-06-24 17:06:35.586774,66
67,photos/proprietes/T7.jfif,2026-06-24 17:06:35.622568,67
68,photos/proprietes/T8.jfif,2026-06-24 17:06:35.660957,68
69,photos/proprietes/T9.jfif,2026-06-24 17:06:35.699084,69
70,photos/proprietes/T10.jfif,2026-06-24 17:06:35.774562,70
71,photos/proprietes/T11.jfif,2026-06-24 17:06:35.811354,71
72,photos/proprietes/T12.jfif,2026-06-24 17:06:35.850804,72
73,photos/proprietes/T13.jfif,2026-06-24 17:06:35.884017,73
74,photos/proprietes/T14.jfif,2026-06-24 17:06:35.917530,74
75,photos/proprietes/T15.jfif,2026-06-24 17:06:35.954197,75
76,photos/proprietes/T16.jfif,2026-06-24 17:06:35.996024,76
77,photos/proprietes/BO13.jpg,2026-06-24 20:35:48.358220,77
78,photos/proprietes/BO19.jpg,2026-06-24 20:35:48.365220,77
79,photos/proprietes/P1_7YuxjwN.jpg,2026-06-25 19:05:39.876050,78
80,photos/proprietes/P2_49m9jq6.jpg,2026-06-25 19:05:39.909680,79
81,photos/proprietes/P3_5SttPCf.jpg,2026-06-25 19:05:39.946201,80
82,photos/proprietes/P4_R6l22Hp.jpg,2026-06-25 19:05:39.979914,81
83,photos/proprietes/P5_lIwyG8Y.jpg,2026-06-25 19:05:40.012218,82
84,photos/proprietes/P6_kHJIW6g.jpg,2026-06-25 19:05:40.040808,83
85,photos/proprietes/P7_DcAxF1F.jpg,2026-06-25 19:05:40.068241,84
86,photos/proprietes/P8_HAM4Yd2.jpg,2026-06-25 19:05:40.097791,85
87,photos/proprietes/P9_mJ4lEF7.jpg,2026-06-25 19:05:40.125291,86
88,photos/proprietes/P10_zUuWb33.jpg,2026-06-25 19:05:40.154190,87
89,photos/proprietes/P11_NvNTBnw.jpg,2026-06-25 19:05:40.183505,88
90,photos/proprietes/P12_hUxEz3x.jpg,2026-06-25 19:05:40.210451,89
91,photos/proprietes/P13_6WqeCv7.jpg,2026-06-25 19:05:40.240701,90
92,photos/proprietes/P14_D6hepUm.jpg,2026-06-25 19:05:40.273373,91
93,photos/proprietes/P15_gc2esiH.jpg,2026-06-25 19:05:40.304235,92
94,photos/proprietes/P16_B0toOn9.jpg,2026-06-25 19:05:40.333644,93
95,photos/proprietes/P17_3qFzY4Q.jpg,2026-06-25 19:05:40.405420,94
96,photos/proprietes/P18_WduWQpj.jpg,2026-06-25 19:05:40.436834,95
97,photos/proprietes/P19_2qvUr1J.jpg,2026-06-25 19:05:40.468497,96
98,photos/proprietes/P20_SYLMYFI.jpg,2026-06-25 19:05:40.500353,97
99,photos/proprietes/V1_Z9SyKGR.jpg,2026-06-25 19:05:40.531076,98
100,photos/proprietes/V2_Xniraus.jpg,2026-06-25 19:05:40.560501,99
101,photos/proprietes/V3_NkgGasK.jpg,2026-06-25 19:05:40.592409,100
102,photos/proprietes/V4_Lw1nMad.jpg,2026-06-25 19:05:40.622945,101
103,photos/proprietes/V5_YYnBQxd.jpg,2026-06-25 19:05:40.654941,102
104,photos/proprietes/V6_kzJq19i.jpg,2026-06-25 19:05:40.683358,103
105,photos/proprietes/V7_pnOVnnF.jpg,2026-06-25 19:05:40.710658,104
106,photos/proprietes/V8_aGad7IQ.jpg,2026-06-25 19:05:40.740042,105
107,photos/proprietes/V9_CEQF7va.jpg,2026-06-25 19:05:40.769821,106
108,photos/proprietes/V10_0Z6aWsl.jpg,2026-06-25 19:05:40.798223,107
109,photos/proprietes/V11_jOwWHTh.jpg,2026-06-25 19:05:40.828762,108
110,photos/proprietes/V12_7Yns8Y3.jpg,2026-06-25 19:05:40.859048,109
111,photos/proprietes/V13_HuUbBky.jpg,2026-06-25 19:05:40.888909,110
112,photos/proprietes/V14_Hjtr9iY.jpg,2026-06-25 19:05:40.918238,111
113,photos/proprietes/V15_OX7LHL5.jpg,2026-06-25 19:05:40.948714,112
114,photos/proprietes/V16_tZ3eWuj.jpg,2026-06-25 19:05:40.980643,113
115,photos/proprietes/V17_h2WLGm6.jpg,2026-06-25 19:05:41.011567,114
116,photos/proprietes/V18_6ApVtzK.jpg,2026-06-25 19:05:41.053345,115
117,photos/proprietes/V19_Brzrl0j.jpg,2026-06-25 19:05:41.105964,116
118,photos/proprietes/V20_zBRBo3O.jpg,2026-06-25 19:05:41.142538,117
119,photos/proprietes/I1_EvcszzV.jpg,2026-06-25 19:05:41.182837,118
120,photos/proprietes/I2_4ba44gd.jpg,2026-06-25 19:05:41.216031,119
121,photos/proprietes/I3_eZygxfe.jpg,2026-06-25 19:05:41.245844,120
122,photos/proprietes/I4_1o3oSWL.jpg,2026-06-25 19:05:41.274462,121
123,photos/proprietes/I5_OV3uofh.jpg,2026-06-25 19:05:41.304839,122
124,photos/proprietes/I6_aOLI7ST.jpg,2026-06-25 19:05:41.335999,123
125,photos/proprietes/I7_9ZuNwwu.jpg,2026-06-25 19:05:41.384519,124
126,photos/proprietes/I8_xXk1eH9.jpg,2026-06-25 19:05:41.422521,125
127,photos/proprietes/I9_FIVAMkA.jfif,2026-06-25 19:05:41.449759,126
128,photos/proprietes/I10_yKXOfTX.jfif,2026-06-25 19:05:41.474835,127
129,photos/proprietes/I11_S0wnWOz.jfif,2026-06-25 19:05:41.498904,128
130,photos/proprietes/I12_wtsRloG.jpg,2026-06-25 19:05:41.533204,129
131,photos/proprietes/I13_B5Gb2bz.jpg,2026-06-25 19:05:41.564375,130
132,photos/proprietes/I14_Fui24ma.jpg,2026-06-25 19:05:41.594083,131
133,photos/proprietes/I15_9a711Dc.jpg,2026-06-25 19:05:41.639148,132
134,photos/proprietes/I16_wXDThQi.jpg,2026-06-25 19:05:41.672641,133
135,photos/proprietes/I17_AJTzZua.jpg,2026-06-25 19:05:41.702714,134
136,photos/proprietes/I18_ER4uxNZ.jpg,2026-06-25 19:05:41.733353,135
137,photos/proprietes/I19_SZXxCal.jpg,2026-06-25 19:05:41.764266,136
138,photos/proprietes/I20_X3m5ZCM.jpg,2026-06-25 19:05:41.793028,137
139,photos/proprietes/T1_kKU2aUP.jpg,2026-06-25 19:05:41.829891,138
140,photos/proprietes/T2_IM3u0x0.jpg,2026-06-25 19:05:41.874544,139
141,photos/proprietes/T3_dtFd69W.jfif,2026-06-25 19:05:41.906343,140
142,photos/proprietes/T4_G1CVPnE.jfif,2026-06-25 19:05:41.935472,141
143,photos/proprietes/T5_gU7LgYt.jfif,2026-06-25 19:05:41.963536,142
144,photos/proprietes/T6_eWMFIB2.jfif,2026-06-25 19:05:41.988534,143
145,photos/proprietes/T7_0mYyJqV.jfif,2026-06-25 19:05:42.014814,144
146,photos/proprietes/T8_noKRPfF.jfif,2026-06-25 19:05:42.038322,145
147,photos/proprietes/T9_2fqTnqX.jfif,2026-06-25 19:05:42.066931,146
148,photos/proprietes/T10_M2amZ4Q.jfif,2026-06-25 19:05:42.092871,147
149,photos/proprietes/T11_Ktc60SM.jfif,2026-06-25 19:05:42.130726,148
150,photos/proprietes/T12_HWAbgOU.jfif,2026-06-25 19:05:42.153953,149
151,photos/proprietes/T13_Vxet2sV.jfif,2026-06-25 19:05:42.175077,150
152,photos/proprietes/T14_ygKqLHP.jfif,2026-06-25 19:05:42.197044,151
153,photos/proprietes/T15_BGfrRLi.jfif,2026-06-25 19:05:42.220386,152
154,photos/proprietes/T16_k4Njj30.jfif,2026-06-25 19:05:42.239832,153
155,photos/proprietes/P1_tAMmTrD.jpg,2026-06-25 19:05:56.309355,154
156,photos/proprietes/P2_tyvrqdQ.jpg,2026-06-25 19:05:56.346446,155
157,photos/proprietes/P3_LC36bSc.jpg,2026-06-25 19:05:56.386755,156
158,photos/proprietes/P4_C15mrMz.jpg,2026-06-25 19:05:56.424909,157
159,photos/proprietes/P5_LeWAGgQ.jpg,2026-06-25 19:05:56.462272,158
160,photos/proprietes/P6_E0UcXw4.jpg,2026-06-25 19:05:56.507802,159
161,photos/proprietes/P7_v2w9rvf.jpg,2026-06-25 19:05:56.548454,160
162,photos/proprietes/P8_paZn0dt.jpg,2026-06-25 19:05:56.589335,161
163,photos/proprietes/P9_Zijecvl.jpg,2026-06-25 19:05:56.629221,162
164,photos/proprietes/P10_c3seAqQ.jpg,2026-06-25 19:05:56.667505,163
165,photos/proprietes/P11_h3yhbTs.jpg,2026-06-25 19:05:56.776201,164
166,photos/proprietes/P12_M9MxUFk.jpg,2026-06-25 19:05:56.844885,165
167,photos/proprietes/P13_NTf4CNm.jpg,2026-06-25 19:05:56.917611,166
168,photos/proprietes/P14_FSC8MC3.jpg,2026-06-25 19:05:56.980908,167
169,photos/proprietes/P15_fT0paHI.jpg,2026-06-25 19:05:57.025114,168
170,photos/proprietes/P16_p0Ut5md.jpg,2026-06-25 19:05:57.065205,169
171,photos/proprietes/P17_kROr17K.jpg,2026-06-25 19:05:57.107536,170
172,photos/proprietes/P18_9dAvYDi.jpg,2026-06-25 19:05:57.165410,171
173,photos/proprietes/P19_iCCWKoO.jpg,2026-06-25 19:05:57.231719,172
174,photos/proprietes/P20_TDs7KPY.jpg,2026-06-25 19:05:57.309580,173
175,photos/proprietes/V1_qhrAbil.jpg,2026-06-25 19:05:57.381333,174
176,photos/proprietes/V2_rIIptNA.jpg,2026-06-25 19:05:57.488437,175
177,photos/proprietes/V3_HhlSRrz.jpg,2026-06-25 19:05:57.589185,176
178,photos/proprietes/V4_sBfNQBU.jpg,2026-06-25 19:05:57.683502,177
179,photos/proprietes/V5_JsZ1rSe.jpg,2026-06-25 19:05:57.794808,178
180,photos/proprietes/V6_mjEXbZS.jpg,2026-06-25 19:05:57.898405,179
181,photos/proprietes/V7_hBnBy54.jpg,2026-06-25 19:05:58.006200,180
182,photos/proprietes/V8_GQpWl48.jpg,2026-06-25 19:05:58.101406,181
183,photos/proprietes/V9_kD9Apbs.jpg,2026-06-25 19:05:58.212538,182
184,photos/proprietes/V10_UQgkM93.jpg,2026-06-25 19:05:58.301152,183
185,photos/proprietes/V11_gejEing.jpg,2026-06-25 19:05:58.412478,184
186,photos/proprietes/V12_Wq6QZtu.jpg,2026-06-25 19:05:58.526040,185
187,photos/proprietes/V13_xm2OKV5.jpg,2026-06-25 19:05:58.600022,186
188,photos/proprietes/V14_zkcSojH.jpg,2026-06-25 19:05:58.676113,187
189,photos/proprietes/V15_nYNNm5C.jpg,2026-06-25 19:05:58.764866,188
190,photos/proprietes/V16_ZeiMWx8.jpg,2026-06-25 19:05:58.836344,189
191,photos/proprietes/V17_qEAnU1A.jpg,2026-06-25 19:05:58.907983,190
192,photos/proprietes/V18_msqlvBq.jpg,2026-06-25 19:05:58.973074,191
193,photos/proprietes/V19_kyuzIYK.jpg,2026-06-25 19:05:59.051292,192
194,photos/proprietes/V20_WLkZRX8.jpg,2026-06-25 19:05:59.132793,193
195,photos/proprietes/I1_OxxDNNY.jpg,2026-06-25 19:05:59.200209,194
196,photos/proprietes/I2_5pdXy1e.jpg,2026-06-25 19:05:59.313502,195
197,photos/proprietes/I3_lJxSiZk.jpg,2026-06-25 19:05:59.393513,196
198,photos/proprietes/I4_Hkq1uaM.jpg,2026-06-25 19:05:59.504505,197
199,photos/proprietes/I5_68Af525.jpg,2026-06-25 19:05:59.579285,198
200,photos/proprietes/I6_p29qil4.jpg,2026-06-25 19:05:59.640006,199
201,photos/proprietes/I7_U2TF6Mw.jpg,2026-06-25 19:05:59.707136,200
202,photos/proprietes/I8_6eAWOKK.jpg,2026-06-25 19:05:59.805100,201
203,photos/proprietes/I9_U456ewM.jfif,2026-06-25 19:05:59.876366,202
204,photos/proprietes/I10_97cKz6p.jfif,2026-06-25 19:05:59.962962,203
205,photos/proprietes/I11_hqrF9En.jfif,2026-06-25 19:06:00.056977,204
206,photos/proprietes/I12_bmOktMy.jpg,2026-06-25 19:06:00.149967,205
207,photos/proprietes/I13_91gZnfD.jpg,2026-06-25 19:06:00.229808,206
208,photos/proprietes/I14_tQy8vfl.jpg,2026-06-25 19:06:00.316833,207
209,photos/proprietes/I15_VZhdwda.jpg,2026-06-25 19:06:00.550678,208
210,photos/proprietes/I16_Ao866NG.jpg,2026-06-25 19:06:00.622784,209
211,photos/proprietes/I17_A2k3w97.jpg,2026-06-25 19:06:00.699091,210
212,photos/proprietes/I18_F5D0JL6.jpg,2026-06-25 19:06:00.766138,211
213,photos/proprietes/I19_nVr0na2.jpg,2026-06-25 19:06:00.841516,212
214,photos/proprietes/I20_04RvMO5.jpg,2026-06-25 19:06:00.922583,213
215,photos/proprietes/T1_vRU4f22.jpg,2026-06-25 19:06:01.010264,214
216,photos/proprietes/T2_8c6EkoA.jpg,2026-06-25 19:06:01.089467,215
217,photos/proprietes/T3_RwgMoa5.jfif,2026-06-25 19:06:01.165394,216
218,photos/proprietes/T4_zRn5d2d.jfif,2026-06-25 19:06:01.248925,217
219,photos/proprietes/T5_3iBrYyH.jfif,2026-06-25 19:06:01.322473,218
220,photos/proprietes/T6_t1JNHDR.jfif,2026-06-25 19:06:01.420726,219
221,photos/proprietes/T7_OjDmfN4.jfif,2026-06-25 19:06:01.513891,220
222,photos/proprietes/T8_sxpqTrl.jfif,2026-06-25 19:06:01.650054,221
223,photos/proprietes/T9_f8OUxR6.jfif,2026-06-25 19:06:01.726037,222
224,photos/proprietes/T10_NUejTL4.jfif,2026-06-25 19:06:01.802958,223
225,photos/proprietes/T11_kIIUXjD.jfif,2026-06-25 19:06:01.894620,224
226,photos/proprietes/T12_PIhv11h.jfif,2026-06-25 19:06:01.983238,225
227,photos/proprietes/T13_QKlsG1l.jfif,2026-06-25 19:06:02.058721,226
228,photos/proprietes/T14_9r7M3JX.jfif,2026-06-25 19:06:02.130643,227
229,photos/proprietes/T15_2FtaK7A.jfif,2026-06-25 19:06:02.199687,228
230,photos/proprietes/T16_ycN4lzA.jfif,2026-06-25 19:06:02.271901,229
