id,bien_id,chemin_fichier,date_ajout
1,1,photos/proprietes/P1_0XFtAjh.jpg,2026-06-24 17:06:33.248624+00:00
2,2,photos/proprietes/P2_3dd6p0e.jpg,2026-06-24 17:06:33.270320+00:00
3,3,photos/proprietes/P3_HcaBiWz.jpg,2026-06-24 17:06:33.294332+00:00
4,4,photos/proprietes/P4_su6dC0m.jpg,2026-06-24 17:06:33.316870+00:00
5,5,photos/proprietes/P5_0JhMneD.jpg,2026-06-24 17:06:33.344370+00:00
6,6,photos/proprietes/P6_7HRULP3.jpg,2026-06-24 17:06:33.374108+00:00
7,7,photos/proprietes/P7_CnzrHnJ.jpg,2026-06-24 17:06:33.407826+00:00
8,8,photos/proprietes/P8_dwCwFo3.jpg,2026-06-24 17:06:33.441498+00:00
9,9,photos/proprietes/P9_6NzcwmJ.jpg,2026-06-24 17:06:33.475281+00:00
10,10,photos/proprietes/P10_t1ioV14.jpg,2026-06-24 17:06:33.509755+00:00
11,11,photos/proprietes/P11_i5PCoot.jpg,2026-06-24 17:06:33.540948+00:00
12,12,photos/proprietes/P12_soPZRTS.jpg,2026-06-24 17:06:33.573328+00:00
13,13,photos/proprietes/P13_9mmm4p5.jpg,2026-06-24 17:06:33.609375+00:00
14,14,photos/proprietes/P14_U3i8m2F.jpg,2026-06-24 17:06:33.641148+00:00
15,15,photos/proprietes/P15_ldN7omH.jpg,2026-06-24 17:06:33.678949+00:00
16,16,photos/proprietes/P16_ZLNtKGD.jpg,2026-06-24 17:06:33.714803+00:00
17,17,photos/proprietes/P17_Jai2uVJ.jpg,2026-06-24 17:06:33.747120+00:00
18,18,photos/proprietes/P18_zor4SO8.jpg,2026-06-24 17:06:33.778357+00:00
19,19,photos/proprietes/P19_PCAytYb.jpg,2026-06-24 17:06:33.808457+00:00
20,20,photos/proprietes/P20_wTcDlB5.jpg,2026-06-24 17:06:33.840446+00:00
21,21,photos/proprietes/V1_mp3bGg1.jpg,2026-06-24 17:06:33.874953+00:00
22,22,photos/proprietes/V2_meldfdt.jpg,2026-06-24 17:06:33.908676+00:00
23,23,photos/proprietes/V3_Zt1ZcRs.jpg,2026-06-24 17:06:33.943212+00:00
24,24,photos/proprietes/V4_pOTuRbt.jpg,2026-06-24 17:06:33.976599+00:00
25,25,photos/proprietes/V5_GuJrC7t.jpg,2026-06-24 17:06:34.010246+00:00
26,26,photos/proprietes/V6_ZPzKEFq.jpg,2026-06-24 17:06:34.043632+00:00
27,27,photos/proprietes/V7_r5BjeaB.jpg,2026-06-24 17:06:34.079333+00:00
28,28,photos/proprietes/V8_eNAy55k.jpg,2026-06-24 17:06:34.112680+00:00
29,29,photos/proprietes/V9_nCMZj2a.jpg,2026-06-24 17:06:34.143720+00:00
30,30,photos/proprietes/V10_03kRZcJ.jpg,2026-06-24 17:06:34.176265+00:00
31,31,photos/proprietes/V11_cAhjZDG.jpg,2026-06-24 17:06:34.235373+00:00
32,32,photos/proprietes/V12_18uZVC5.jpg,2026-06-24 17:06:34.266341+00:00
33,33,photos/proprietes/V13_kEQBXoU.jpg,2026-06-24 17:06:34.298329+00:00
34,34,photos/proprietes/V14_vsUWNRH.jpg,2026-06-24 17:06:34.336254+00:00
35,35,photos/proprietes/V15_TMNYf2F.jpg,2026-06-24 17:06:34.368690+00:00
36,36,photos/proprietes/V16_wlAYJlQ.jpg,2026-06-24 17:06:34.403628+00:00
37,37,photos/proprietes/V17_pkH1s0y.jpg,2026-06-24 17:06:34.440487+00:00
38,38,photos/proprietes/V18_sUuZdgR.jpg,2026-06-24 17:06:34.481697+00:00
39,39,photos/proprietes/V19_NuVbMGE.jpg,2026-06-24 17:06:34.521705+00:00
40,40,photos/proprietes/V20_ajil4ik.jpg,2026-06-24 17:06:34.563425+00:00
41,41,photos/proprietes/I1_rJKGqIT.jpg,2026-06-24 17:06:34.599873+00:00
42,42,photos/proprietes/I2_9iXBhRg.jpg,2026-06-24 17:06:34.635043+00:00
43,43,photos/proprietes/I3_ocbjyXh.jpg,2026-06-24 17:06:34.671670+00:00
44,44,photos/proprietes/I4_Lf2IbH6.jpg,2026-06-24 17:06:34.709874+00:00
45,45,photos/proprietes/I5_1Mf1rpA.jpg,2026-06-24 17:06:34.745945+00:00
46,46,photos/proprietes/I6_LeKgb1n.jpg,2026-06-24 17:06:34.779686+00:00
47,47,photos/proprietes/I7_T4tZ2Wl.jpg,2026-06-24 17:06:34.812138+00:00
48,48,photos/proprietes/I8_U8Fu7Rn.jpg,2026-06-24 17:06:34.847485+00:00
49,49,photos/proprietes/I9.jfif,2026-06-24 17:06:34.886147+00:00
50,50,photos/proprietes/I10.jfif,2026-06-24 17:06:34.929462+00:00
51,51,photos/proprietes/I11.jfif,2026-06-24 17:06:34.976811+00:00
52,52,photos/proprietes/I12_pPIhaNn.jpg,2026-06-24 17:06:35.013205+00:00
53,53,photos/proprietes/I13_rX3dmua.jpg,2026-06-24 17:06:35.053214+00:00
54,54,photos/proprietes/I14_uIKfqNY.jpg,2026-06-24 17:06:35.092094+00:00
55,55,photos/proprietes/I15_z6GGIQC.jpg,2026-06-24 17:06:35.131393+00:00
56,56,photos/proprietes/I16_ZX5jm6H.jpg,2026-06-24 17:06:35.179052+00:00
57,57,photos/proprietes/I17_l3Z5SPu.jpg,2026-06-24 17:06:35.221927+00:00
58,58,photos/proprietes/I18_vvdoUAt.jpg,2026-06-24 17:06:35.262285+00:00
59,59,photos/proprietes/I19_6p2FspU.jpg,2026-06-24 17:06:35.302482+00:00
60,60,photos/proprietes/I20_UjokasI.jpg,2026-06-24 17:06:35.342952+00:00
61,61,photos/proprietes/T1_ROsjFSg.jpg,2026-06-24 17:06:35.382424+00:00
62,62,photos/proprietes/T2_qiDhSAN.jpg,2026-06-24 17:06:35.423434+00:00
63,63,photos/proprietes/T3.jfif,2026-06-24 17:06:35.465331+00:00
64,64,photos/proprietes/T4.jfif,2026-06-24 17:06:35.509842+00:00
65,65,photos/proprietes/T5.jfif,2026-06-24 17:06:35.548655+00:00
66,66,photos/proprietes/T6.jfif,2026-06-24 17:06:35.586774+00:00
67,67,photos/proprietes/T7.jfif,2026-06-24 17:06:35.622568+00:00
68,68,photos/proprietes/T8.jfif,2026-06-24 17:06:35.660957+00:00
69,69,photos/proprietes/T9.jfif,2026-06-24 17:06:35.699084+00:00
70,70,photos/proprietes/T10.jfif,2026-06-24 17:06:35.774562+00:00
71,71,photos/proprietes/T11.jfif,2026-06-24 17:06:35.811354+00:00
72,72,photos/proprietes/T12.jfif,2026-06-24 17:06:35.850804+00:00
73,73,photos/proprietes/T13.jfif,2026-06-24 17:06:35.884017+00:00
74,74,photos/proprietes/T14.jfif,2026-06-24 17:06:35.917530+00:00
75,75,photos/proprietes/T15.jfif,2026-06-24 17:06:35.954197+00:00
76,76,photos/proprietes/T16.jfif,2026-06-24 17:06:35.996024+00:00
77,77,photos/proprietes/BO13.jpg,2026-06-24 20:35:48.358220+00:00
78,77,photos/proprietes/BO19.jpg,2026-06-24 20:35:48.365220+00:00
79,78,photos/proprietes/P1_7YuxjwN.jpg,2026-06-25 19:05:39.876050+00:00
80,79,photos/proprietes/P2_49m9jq6.jpg,2026-06-25 19:05:39.909680+00:00
81,80,photos/proprietes/P3_5SttPCf.jpg,2026-06-25 19:05:39.946201+00:00
82,81,photos/proprietes/P4_R6l22Hp.jpg,2026-06-25 19:05:39.979914+00:00
83,82,photos/proprietes/P5_lIwyG8Y.jpg,2026-06-25 19:05:40.012218+00:00
84,83,photos/proprietes/P6_kHJIW6g.jpg,2026-06-25 19:05:40.040808+00:00
85,84,photos/proprietes/P7_DcAxF1F.jpg,2026-06-25 19:05:40.068241+00:00
86,85,photos/proprietes/P8_HAM4Yd2.jpg,2026-06-25 19:05:40.097791+00:00
87,86,photos/proprietes/P9_mJ4lEF7.jpg,2026-06-25 19:05:40.125291+00:00
88,87,photos/proprietes/P10_zUuWb33.jpg,2026-06-25 19:05:40.154190+00:00
89,88,photos/proprietes/P11_NvNTBnw.jpg,2026-06-25 19:05:40.183505+00:00
90,89,photos/proprietes/P12_hUxEz3x.jpg,2026-06-25 19:05:40.210451+00:00
91,90,photos/proprietes/P13_6WqeCv7.jpg,2026-06-25 19:05:40.240701+00:00
92,91,photos/proprietes/P14_D6hepUm.jpg,2026-06-25 19:05:40.273373+00:00
93,92,photos/proprietes/P15_gc2esiH.jpg,2026-06-25 19:05:40.304235+00:00
94,93,photos/proprietes/P16_B0toOn9.jpg,2026-06-25 19:05:40.333644+00:00
95,94,photos/proprietes/P17_3qFzY4Q.jpg,2026-06-25 19:05:40.405420+00:00
96,95,photos/proprietes/P18_WduWQpj.jpg,2026-06-25 19:05:40.436834+00:00
97,96,photos/proprietes/P19_2qvUr1J.jpg,2026-06-25 19:05:40.468497+00:00
98,97,photos/proprietes/P20_SYLMYFI.jpg,2026-06-25 19:05:40.500353+00:00
99,98,photos/proprietes/V1_Z9SyKGR.jpg,2026-06-25 19:05:40.531076+00:00
100,99,photos/proprietes/V2_Xniraus.jpg,2026-06-25 19:05:40.560501+00:00
101,100,photos/proprietes/V3_NkgGasK.jpg,2026-06-25 19:05:40.592409+00:00
102,101,photos/proprietes/V4_Lw1nMad.jpg,2026-06-25 19:05:40.622945+00:00
103,102,photos/proprietes/V5_YYnBQxd.jpg,2026-06-25 19:05:40.654941+00:00
104,103,photos/proprietes/V6_kzJq19i.jpg,2026-06-25 19:05:40.683358+00:00
105,104,photos/proprietes/V7_pnOVnnF.jpg,2026-06-25 19:05:40.710658+00:00
106,105,photos/proprietes/V8_aGad7IQ.jpg,2026-06-25 19:05:40.740042+00:00
107,106,photos/proprietes/V9_CEQF7va.jpg,2026-06-25 19:05:40.769821+00:00
108,107,photos/proprietes/V10_0Z6aWsl.jpg,2026-06-25 19:05:40.798223+00:00
109,108,photos/proprietes/V11_jOwWHTh.jpg,2026-06-25 19:05:40.828762+00:00
110,109,photos/proprietes/V12_7Yns8Y3.jpg,2026-06-25 19:05:40.859048+00:00
111,110,photos/proprietes/V13_HuUbBky.jpg,2026-06-25 19:05:40.888909+00:00
112,111,photos/proprietes/V14_Hjtr9iY.jpg,2026-06-25 19:05:40.918238+00:00
113,112,photos/proprietes/V15_OX7LHL5.jpg,2026-06-25 19:05:40.948714+00:00
114,113,photos/proprietes/V16_tZ3eWuj.jpg,2026-06-25 19:05:40.980643+00:00
115,114,photos/proprietes/V17_h2WLGm6.jpg,2026-06-25 19:05:41.011567+00:00
116,115,photos/proprietes/V18_6ApVtzK.jpg,2026-06-25 19:05:41.053345+00:00
117,116,photos/proprietes/V19_Brzrl0j.jpg,2026-06-25 19:05:41.105964+00:00
118,117,photos/proprietes/V20_zBRBo3O.jpg,2026-06-25 19:05:41.142538+00:00
119,118,photos/proprietes/I1_EvcszzV.jpg,2026-06-25 19:05:41.182837+00:00
120,119,photos/proprietes/I2_4ba44gd.jpg,2026-06-25 19:05:41.216031+00:00
121,120,photos/proprietes/I3_eZygxfe.jpg,2026-06-25 19:05:41.245844+00:00
122,121,photos/proprietes/I4_1o3oSWL.jpg,2026-06-25 19:05:41.274462+00:00
123,122,photos/proprietes/I5_OV3uofh.jpg,2026-06-25 19:05:41.304839+00:00
124,123,photos/proprietes/I6_aOLI7ST.jpg,2026-06-25 19:05:41.335999+00:00
125,124,photos/proprietes/I7_9ZuNwwu.jpg,2026-06-25 19:05:41.384519+00:00
126,125,photos/proprietes/I8_xXk1eH9.jpg,2026-06-25 19:05:41.422521+00:00
127,126,photos/proprietes/I9_FIVAMkA.jfif,2026-06-25 19:05:41.449759+00:00
128,127,photos/proprietes/I10_yKXOfTX.jfif,2026-06-25 19:05:41.474835+00:00
129,128,photos/proprietes/I11_S0wnWOz.jfif,2026-06-25 19:05:41.498904+00:00
130,129,photos/proprietes/I12_wtsRloG.jpg,2026-06-25 19:05:41.533204+00:00
131,130,photos/proprietes/I13_B5Gb2bz.jpg,2026-06-25 19:05:41.564375+00:00
132,131,photos/proprietes/I14_Fui24ma.jpg,2026-06-25 19:05:41.594083+00:00
133,132,photos/proprietes/I15_9a711Dc.jpg,2026-06-25 19:05:41.639148+00:00
134,133,photos/proprietes/I16_wXDThQi.jpg,2026-06-25 19:05:41.672641+00:00
135,134,photos/proprietes/I17_AJTzZua.jpg,2026-06-25 19:05:41.702714+00:00
136,135,photos/proprietes/I18_ER4uxNZ.jpg,2026-06-25 19:05:41.733353+00:00
137,136,photos/proprietes/I19_SZXxCal.jpg,2026-06-25 19:05:41.764266+00:00
138,137,photos/proprietes/I20_X3m5ZCM.jpg,2026-06-25 19:05:41.793028+00:00
139,138,photos/proprietes/T1_kKU2aUP.jpg,2026-06-25 19:05:41.829891+00:00
140,139,photos/proprietes/T2_IM3u0x0.jpg,2026-06-25 19:05:41.874544+00:00
141,140,photos/proprietes/T3_dtFd69W.jfif,2026-06-25 19:05:41.906343+00:00
142,141,photos/proprietes/T4_G1CVPnE.jfif,2026-06-25 19:05:41.935472+00:00
143,142,photos/proprietes/T5_gU7LgYt.jfif,2026-06-25 19:05:41.963536+00:00
144,143,photos/proprietes/T6_eWMFIB2.jfif,2026-06-25 19:05:41.988534+00:00
145,144,photos/proprietes/T7_0mYyJqV.jfif,2026-06-25 19:05:42.014814+00:00
146,145,photos/proprietes/T8_noKRPfF.jfif,2026-06-25 19:05:42.038322+00:00
147,146,photos/proprietes/T9_2fqTnqX.jfif,2026-06-25 19:05:42.066931+00:00
148,147,photos/proprietes/T10_M2amZ4Q.jfif,2026-06-25 19:05:42.092871+00:00
149,148,photos/proprietes/T11_Ktc60SM.jfif,2026-06-25 19:05:42.130726+00:00
150,149,photos/proprietes/T12_HWAbgOU.jfif,2026-06-25 19:05:42.153953+00:00
151,150,photos/proprietes/T13_Vxet2sV.jfif,2026-06-25 19:05:42.175077+00:00
152,151,photos/proprietes/T14_ygKqLHP.jfif,2026-06-25 19:05:42.197044+00:00
153,152,photos/proprietes/T15_BGfrRLi.jfif,2026-06-25 19:05:42.220386+00:00
154,153,photos/proprietes/T16_k4Njj30.jfif,2026-06-25 19:05:42.239832+00:00
155,154,photos/proprietes/P1_tAMmTrD.jpg,2026-06-25 19:05:56.309355+00:00
156,155,photos/proprietes/P2_tyvrqdQ.jpg,2026-06-25 19:05:56.346446+00:00
157,156,photos/proprietes/P3_LC36bSc.jpg,2026-06-25 19:05:56.386755+00:00
158,157,photos/proprietes/P4_C15mrMz.jpg,2026-06-25 19:05:56.424909+00:00
159,158,photos/proprietes/P5_LeWAGgQ.jpg,2026-06-25 19:05:56.462272+00:00
160,159,photos/proprietes/P6_E0UcXw4.jpg,2026-06-25 19:05:56.507802+00:00
161,160,photos/proprietes/P7_v2w9rvf.jpg,2026-06-25 19:05:56.548454+00:00
162,161,photos/proprietes/P8_paZn0dt.jpg,2026-06-25 19:05:56.589335+00:00
163,162,photos/proprietes/P9_Zijecvl.jpg,2026-06-25 19:05:56.629221+00:00
164,163,photos/proprietes/P10_c3seAqQ.jpg,2026-06-25 19:05:56.667505+00:00
165,164,photos/proprietes/P11_h3yhbTs.jpg,2026-06-25 19:05:56.776201+00:00
166,165,photos/proprietes/P12_M9MxUFk.jpg,2026-06-25 19:05:56.844885+00:00
167,166,photos/proprietes/P13_NTf4CNm.jpg,2026-06-25 19:05:56.917611+00:00
168,167,photos/proprietes/P14_FSC8MC3.jpg,2026-06-25 19:05:56.980908+00:00
169,168,photos/proprietes/P15_fT0paHI.jpg,2026-06-25 19:05:57.025114+00:00
170,169,photos/proprietes/P16_p0Ut5md.jpg,2026-06-25 19:05:57.065205+00:00
171,170,photos/proprietes/P17_kROr17K.jpg,2026-06-25 19:05:57.107536+00:00
172,171,photos/proprietes/P18_9dAvYDi.jpg,2026-06-25 19:05:57.165410+00:00
173,172,photos/proprietes/P19_iCCWKoO.jpg,2026-06-25 19:05:57.231719+00:00
174,173,photos/proprietes/P20_TDs7KPY.jpg,2026-06-25 19:05:57.309580+00:00
175,174,photos/proprietes/V1_qhrAbil.jpg,2026-06-25 19:05:57.381333+00:00
176,175,photos/proprietes/V2_rIIptNA.jpg,2026-06-25 19:05:57.488437+00:00
177,176,photos/proprietes/V3_HhlSRrz.jpg,2026-06-25 19:05:57.589185+00:00
178,177,photos/proprietes/V4_sBfNQBU.jpg,2026-06-25 19:05:57.683502+00:00
179,178,photos/proprietes/V5_JsZ1rSe.jpg,2026-06-25 19:05:57.794808+00:00
180,179,photos/proprietes/V6_mjEXbZS.jpg,2026-06-25 19:05:57.898405+00:00
181,180,photos/proprietes/V7_hBnBy54.jpg,2026-06-25 19:05:58.006200+00:00
182,181,photos/proprietes/V8_GQpWl48.jpg,2026-06-25 19:05:58.101406+00:00
183,182,photos/proprietes/V9_kD9Apbs.jpg,2026-06-25 19:05:58.212538+00:00
184,183,photos/proprietes/V10_UQgkM93.jpg,2026-06-25 19:05:58.301152+00:00
185,184,photos/proprietes/V11_gejEing.jpg,2026-06-25 19:05:58.412478+00:00
186,185,photos/proprietes/V12_Wq6QZtu.jpg,2026-06-25 19:05:58.526040+00:00
187,186,photos/proprietes/V13_xm2OKV5.jpg,2026-06-25 19:05:58.600022+00:00
188,187,photos/proprietes/V14_zkcSojH.jpg,2026-06-25 19:05:58.676113+00:00
189,188,photos/proprietes/V15_nYNNm5C.jpg,2026-06-25 19:05:58.764866+00:00
190,189,photos/proprietes/V16_ZeiMWx8.jpg,2026-06-25 19:05:58.836344+00:00
191,190,photos/proprietes/V17_qEAnU1A.jpg,2026-06-25 19:05:58.907983+00:00
192,191,photos/proprietes/V18_msqlvBq.jpg,2026-06-25 19:05:58.973074+00:00
193,192,photos/proprietes/V19_kyuzIYK.jpg,2026-06-25 19:05:59.051292+00:00
194,193,photos/proprietes/V20_WLkZRX8.jpg,2026-06-25 19:05:59.132793+00:00
195,194,photos/proprietes/I1_OxxDNNY.jpg,2026-06-25 19:05:59.200209+00:00
196,195,photos/proprietes/I2_5pdXy1e.jpg,2026-06-25 19:05:59.313502+00:00
197,196,photos/proprietes/I3_lJxSiZk.jpg,2026-06-25 19:05:59.393513+00:00
198,197,photos/proprietes/I4_Hkq1uaM.jpg,2026-06-25 19:05:59.504505+00:00
199,198,photos/proprietes/I5_68Af525.jpg,2026-06-25 19:05:59.579285+00:00
200,199,photos/proprietes/I6_p29qil4.jpg,2026-06-25 19:05:59.640006+00:00
201,200,photos/proprietes/I7_U2TF6Mw.jpg,2026-06-25 19:05:59.707136+00:00
202,201,photos/proprietes/I8_6eAWOKK.jpg,2026-06-25 19:05:59.805100+00:00
203,202,photos/proprietes/I9_U456ewM.jfif,2026-06-25 19:05:59.876366+00:00
204,203,photos/proprietes/I10_97cKz6p.jfif,2026-06-25 19:05:59.962962+00:00
205,204,photos/proprietes/I11_hqrF9En.jfif,2026-06-25 19:06:00.056977+00:00
206,205,photos/proprietes/I12_bmOktMy.jpg,2026-06-25 19:06:00.149967+00:00
207,206,photos/proprietes/I13_91gZnfD.jpg,2026-06-25 19:06:00.229808+00:00
208,207,photos/proprietes/I14_tQy8vfl.jpg,2026-06-25 19:06:00.316833+00:00
209,208,photos/proprietes/I15_VZhdwda.jpg,2026-06-25 19:06:00.550678+00:00
210,209,photos/proprietes/I16_Ao866NG.jpg,2026-06-25 19:06:00.622784+00:00
211,210,photos/proprietes/I17_A2k3w97.jpg,2026-06-25 19:06:00.699091+00:00
212,211,photos/proprietes/I18_F5D0JL6.jpg,2026-06-25 19:06:00.766138+00:00
213,212,photos/proprietes/I19_nVr0na2.jpg,2026-06-25 19:06:00.841516+00:00
214,213,photos/proprietes/I20_04RvMO5.jpg,2026-06-25 19:06:00.922583+00:00
215,214,photos/proprietes/T1_vRU4f22.jpg,2026-06-25 19:06:01.010264+00:00
216,215,photos/proprietes/T2_8c6EkoA.jpg,2026-06-25 19:06:01.089467+00:00
217,216,photos/proprietes/T3_RwgMoa5.jfif,2026-06-25 19:06:01.165394+00:00
218,217,photos/proprietes/T4_zRn5d2d.jfif,2026-06-25 19:06:01.248925+00:00
219,218,photos/proprietes/T5_3iBrYyH.jfif,2026-06-25 19:06:01.322473+00:00
220,219,photos/proprietes/T6_t1JNHDR.jfif,2026-06-25 19:06:01.420726+00:00
221,220,photos/proprietes/T7_OjDmfN4.jfif,2026-06-25 19:06:01.513891+00:00
222,221,photos/proprietes/T8_sxpqTrl.jfif,2026-06-25 19:06:01.650054+00:00
223,222,photos/proprietes/T9_f8OUxR6.jfif,2026-06-25 19:06:01.726037+00:00
224,223,photos/proprietes/T10_NUejTL4.jfif,2026-06-25 19:06:01.802958+00:00
225,224,photos/proprietes/T11_kIIUXjD.jfif,2026-06-25 19:06:01.894620+00:00
226,225,photos/proprietes/T12_PIhv11h.jfif,2026-06-25 19:06:01.983238+00:00
227,226,photos/proprietes/T13_QKlsG1l.jfif,2026-06-25 19:06:02.058721+00:00
228,227,photos/proprietes/T14_9r7M3JX.jfif,2026-06-25 19:06:02.130643+00:00
229,228,photos/proprietes/T15_2FtaK7A.jfif,2026-06-25 19:06:02.199687+00:00
230,229,photos/proprietes/T16_ycN4lzA.jfif,2026-06-25 19:06:02.271901+00:00
